0.5,1,1.5,2,4,6,8,12,WT,HT,AGE,sex
-0.5452353,-0.25930512,-0.2586247,-0.15733987,-0.2982698,-0.2615189,-0.57739353,-0.8435278,-0.7686429,-0.8299314,0.576011,f
-0.7026793,-0.30696052,-0.15235427,0.28590137,0.16155945,-0.38668764,-0.54334486,-0.6440355,0.8844684,1.0190476,-1.0930982,m
-0.09676498,0.4723428,0.25049984,0.42276558,0.03502448,-0.5234988,-0.93153626,-1.0274196,0.30439526,0.6917641,0.8017781,m
-0.2922616,0.11748409,0.2738993,0.5385027,-0.08006906,-0.32142746,-0.7377258,-0.929445,-0.5866369,-0.59913796,-0.36519983,m
0.05314316,0.44658726,0.76736385,0.9837971,-0.042647675,-0.40219334,-0.7733124,-1.0620079,-0.498828,-0.3559805,0.77402943,f
-0.7168571,-0.60816014,-0.40867537,-0.402089,-0.27831525,-0.59135956,-0.7350651,-0.87142843,0.5467573,1.2231088,0.36770752,m
-0.7194078,-0.24036302,-0.09281944,-0.032965884,-0.051336356,-0.409167,-0.6074963,-0.9251822,-0.3574922,-0.8155013,-0.98652244,f
-0.74062216,-0.5083767,-0.5179232,-0.5415112,-0.4358546,-0.40228742,-0.67364484,-0.7709608,1.1053591,0.06826403,-0.6027053,m
-0.24741979,0.24181823,0.13165975,0.5597487,0.57975966,-0.12483323,-0.5104579,-0.79560566,-0.2742226,0.91481656,-0.87480646,m
-0.3751227,0.12123631,0.24985495,0.33283904,0.5779351,0.06661402,-0.28651857,-0.8630531,-0.2520054,-0.43456593,0.12078986,f
-0.4328699,-0.06414157,-0.065726176,-0.27642986,0.05833961,-0.25545466,-0.5281573,-0.75665903,0.7804779,0.21845974,0.708728,m
-0.36908796,-0.029793087,0.054540455,0.29494154,-0.12343842,-0.6084454,-0.8354375,-0.9147152,0.33098853,0.17147341,-0.53262365,m
-0.4174528,-0.15391694,0.20147675,-0.06764783,-0.04965304,-0.4605501,-0.5865368,-0.8523319,-0.12614082,-0.14044917,0.71473193,f
-0.15890795,0.15763944,0.25101435,0.21417584,0.04439336,-0.3018193,-0.542118,-0.8346815,-0.6575635,-0.6151184,-0.37018105,f
-0.3770877,-0.094095126,0.016874962,0.19113353,-0.09032072,-0.21295898,-0.47425222,-0.7522939,0.17055699,-0.15807624,0.12833008,m
-0.38257605,-0.28701797,0.13864431,0.018759549,-0.095351875,0.061450377,-0.35104388,-0.8660528,-0.60943156,-0.8469176,0.033606432,f
-0.2667275,-0.0063116066,0.17705014,0.29303122,0.10085125,-0.016496442,-0.3509358,-0.70146674,-0.06060654,-0.26995164,0.32139266,f
-0.18312249,0.32862177,0.14515617,0.38611948,-0.052255683,-0.52870154,-0.86631936,-0.9459388,0.047219485,0.29564616,0.07698501,m
-0.6959821,-0.50436527,-0.35701975,-0.40916005,-0.25579888,-0.47290996,-0.6079938,-0.82048565,0.8831173,0.6257559,0.04067605,m
-0.4066365,-0.0149324015,0.049311727,0.39349952,0.35768676,-0.27256727,-0.514421,-0.7683118,0.35213548,0.83235323,-0.8092983,m
-0.11115411,0.30513182,0.5032853,0.67481375,0.26627994,-0.18033877,-0.5168744,-0.85411936,-0.34018856,-0.3102741,0.4494328,f
-0.6498908,-0.4879821,-0.020564718,0.12197792,-0.1440615,-0.32437345,-0.6233408,-0.8744153,0.53530604,0.36914027,0.86180365,m
-0.55651176,-0.29661605,-0.17254558,-0.09922454,0.025783457,0.014044464,-0.40996504,-0.8577898,-0.31974608,-0.5013113,0.48102048,f
-0.31346923,0.17375687,0.1647999,0.329437,-0.061016962,-0.53258985,-1.0021726,-0.9595572,-0.258286,-0.024436578,-0.46528918,m
-0.5156914,-0.3650642,-0.029943967,-0.03797029,-0.09502263,-0.33343923,-0.50412846,-0.9365766,-0.6789337,-1.0003935,-0.493405,f
-0.6732688,-0.3951857,-0.20961872,-0.047998846,-0.039286718,-0.37344563,-0.536139,-0.7486437,1.0122982,0.74790037,-0.7206875,m
-0.20282452,0.19464213,0.14924315,0.4573503,-0.09388593,-0.3781237,-0.57066035,-0.88283336,-0.15360193,-0.1461201,-0.053007208,m
-0.50051486,-0.35942236,-0.20424548,-0.04062292,-0.18973766,-0.3386382,-0.47392726,-0.9120111,-0.8961193,-1.039049,0.0967726,f
-0.16280168,0.15770893,0.30342528,0.17739788,0.18943183,-0.3305055,-0.41614842,-0.8208169,-0.29441923,-0.31723985,-0.2822184,f
-0.5359379,-0.2587336,-0.078820646,0.02672635,-0.106282204,-0.32914138,-0.48180854,-0.8104487,-0.3658889,-0.45855767,0.9053498,f
-0.8024554,-0.47077686,-0.3543068,-0.30301875,-0.31839323,-0.36838973,-0.6053466,-0.72683996,1.0763268,0.5118216,-0.56813794,m
-0.69422185,-0.30548254,-0.46738338,-0.18136919,-0.35535246,-0.40498057,-0.5118842,-0.9932305,-1.0222485,-1.0577042,0.47955236,f
-0.040339928,0.41854036,0.16986302,0.4293386,-0.094900966,-0.44876012,-0.5063721,-1.0742435,0.3488366,0.5985139,0.68791044,m
-0.4439731,-0.14864649,0.0060834885,0.17343608,-0.16237941,-0.40241018,-0.6864542,-0.8595831,0.2049749,0.008840569,-0.16747805,m
-0.6695175,-0.5158134,-0.28753236,-0.2604153,-0.23204182,-0.46653077,-0.6671674,-0.81923157,0.5427599,0.83963764,0.48101702,m
-0.24993545,0.138593,0.12962598,0.41596735,-0.11529529,-0.40609464,-0.73392016,-0.9100273,-0.29653978,-0.28620002,-0.41414604,m
-0.16723752,0.0011631474,0.17273715,0.08676099,0.0876762,-0.18409318,-0.44264984,-0.8795794,-0.505589,-0.6739859,-0.41120106,f
-0.6371883,-0.46984446,-0.10992583,-0.068976626,-0.14633225,-0.358053,-0.58618903,-0.8684315,0.6717225,0.4533385,0.5606787,m
-0.2518055,0.24411519,0.3938613,0.52149075,0.5200084,-0.035882227,-0.3937031,-0.90246326,-0.2608555,-0.29232335,0.28579766,f
-0.32715812,-0.25101608,0.12650418,0.050935656,-0.07716651,-0.119480535,-0.39298692,-0.90962785,-0.68781626,-0.90973586,-0.41685674,f
-0.5107508,-0.2012375,0.007586986,-0.02787935,-0.101954386,-0.2671458,-0.6080849,-0.8223843,0.63807285,0.29867327,0.84025306,m
-0.4961698,-0.26212403,-0.053086534,-0.072085544,-0.10104832,-0.2981246,-0.52294064,-0.9355531,-0.5670623,-0.89838,-0.8255885,f
-0.3368029,0.044872813,0.09753803,0.40997225,0.28743887,-0.38476425,-0.64097434,-0.83950967,0.17968655,0.5855035,-0.72791415,m
-0.23352328,0.22584023,0.13933879,0.36064902,-0.059796818,-0.5616112,-0.9612755,-0.95945495,-0.02909071,0.13789746,-0.27034485,m
-0.54290587,-0.3032354,-0.24964309,-0.16060665,-0.13086358,-0.09145751,-0.43054688,-0.8511533,-0.61847436,-0.70510626,0.4776769,f
-0.025210738,0.36634216,0.59940535,0.82614994,0.10747442,-0.27154338,-0.6320056,-0.86357385,-0.40390217,-0.32409588,0.6223249,f
-0.5813993,-0.20372625,-0.07705431,0.32850054,0.23878573,-0.3410166,-0.5100234,-0.6973706,0.64507425,0.95217615,-0.9603665,m
-0.14246528,0.25066462,0.36805907,0.48405248,0.3101886,-0.15537836,-0.4892503,-0.81447124,-0.31674713,-0.33909613,0.14886788,f
-0.11244437,0.17393044,0.29205072,0.15191,0.119951025,-0.23953207,-0.61354285,-0.93385005,-0.59385914,-0.578226,-0.32354984,f
-0.72670245,-0.5185102,-0.38117906,-0.43727067,-0.3975122,-0.43667552,-0.6331145,-0.8045325,1.10336,0.2519369,-0.39940807,m
-0.5678662,-0.3578531,0.106586985,0.1384774,-0.074390374,-0.47074014,-0.46347046,-0.8411124,-0.35088867,-0.34614512,1.0385158,f
-0.49114987,-0.22661124,-0.027488647,-0.018682912,-0.045158453,-0.23105519,-0.49189454,-0.852312,-0.18901472,-0.34623063,0.7022172,f
-0.33521116,0.06630145,0.11690343,0.42101952,0.43876565,-0.2512987,-0.4954052,-0.77777356,0.0723556,0.758983,-0.815671,m
-0.6907244,-0.51811856,-0.36364797,-0.4272128,-0.27539808,-0.44240922,-0.6154086,-0.82544726,0.9935977,0.44852063,-0.20792809,m
-0.39383015,-0.088060215,0.09301614,-0.11730112,-0.019072581,-0.27553868,-0.6145254,-0.81986547,-0.05230671,-0.21426801,0.5320873,f
-0.44023234,-0.33272782,-0.11130595,-0.08687471,-0.17621236,-0.112802535,-0.4414168,-0.90994847,-0.78441185,-0.92639357,0.18124354,f
-0.12846977,0.20151222,0.23089838,-0.015382141,0.16458705,-0.21756142,-0.52962506,-0.90061283,-0.42336154,-0.41536656,-0.34045732,f
-0.65992427,-0.447663,-0.33157492,-0.3850896,-0.2651294,-0.48322764,-0.62576646,-0.84426516,0.7035437,0.93739575,0.30737823,m
-0.6522491,-0.3540455,-0.15559418,0.18798685,0.12280823,-0.4129264,-0.5225782,-0.7233125,0.98502517,0.83703727,-0.9560204,m
-0.56470007,-0.30859447,0.05023373,0.08926967,-0.08919704,-0.30764467,-0.72978,-0.84369373,0.46693116,0.4090224,0.9864034,m
